title,content,excerpt
Opal Moonbaby by Maudie Smith,"<h2>Opal Moonbaby</h2><p>Martha has always thought that friends are overrated, until she meets Opal Moonbaby. Opal is a strange, furry creature from another planet on a mission to understand humans and make a friend. Together, they embark on an exciting adventure that will teach them the true meaning of friendship.</p><p>Publisher Information:<br>First Published January 2012<br>This edition published by Orion Children's Books<br>Orion House 5 Upper Saint Martin's Lane London WC2H 9EA<br>Text © Maudie Smith 2012<br>ISBN - 978-1444004786</p>",Martha has decided that friends are stupid, but everything changes when she meets Opal Moonbaby and goes on a mission to understand humans and make a true friend.
To Be A Cat by Matt Haig,"<h2>To Be A Cat</h2><p>Barney Willow is tired of being himself and wants a different life. When he wakes up one day as a cat, he thinks it's the perfect escape. However, being a cat turns out to be more challenging than Barney expected. Join him on a hilarious and heartwarming journey as he learns valuable lessons about identity and self-acceptance.</p><p>Publisher Information:<br>First Published February 2012<br>This edition published by The Bodley Head, an imprint of Random House Children's Books<br>61-63 Uxbridge Road, London, W5 5SA<br>Text © Matt Haig 2012<br>ISBN - 978-0370332062</p>",Barney Willow gets his wish to be a cat, but soon realizes that being a cat is not as easy or exciting as he thought. Follow his amusing and touching adventure of self-discovery.
A Hen in the Wardrobe by Wendy Meddour,"<h2>A Hen in the Wardrobe</h2><p>Ramzi's dad starts acting strangely and sleepwalking, searching for a hen. In order to help his dad, Ramzi, along with his parents, travels to Algeria, where they meet Ramzi's Berber relatives. Join Ramzi on a funny and heartwarming journey as he discovers the importance of family and the beauty of his Algerian heritage.</p><p>Publisher Information:<br>First published February 2012<br>This edition published by Frances Lincoln<br>4 Torriano Mews Torriano Avenue London NW5 2RZ<br>Text © Wendy Meddour 2012<br>ISBN - 978-1847802255</p>",Ramzi's dad's strange behavior leads him and his family on a journey to Algeria, where Ramzi learns about his Berber roots and discovers the power of family bonds.
The Mystery of the Whistling Caves by Helen Moss,"<h2>The Mystery of the Whistling Caves</h2><p>Scott and Jack's summer with their great aunt turns into an exciting adventure when they meet Emily Wild and her dog, Drift. Together, they explore the lighthouse, the castle, and the mysterious whistling caves. When priceless treasures are stolen and the caves stop whistling, the friends must solve the mystery and catch the thief before it's too late!</p><p>Publisher Information:<br>First published July 2011<br>This edition published by Orion Children's Books<br>Orion House 5 Upper Saint Martin's Lane London WC2H 9EA<br>Text © Helen Moss 2011<br>ISBN - 978-1444003284</p>",Join Scott, Jack, Emily, and Drift on a thrilling adventure filled with secrets, stolen treasures, and a race against time to solve the mystery of the whistling caves.
Earwig and the Witch by Diana Wynne Jones,"<h2>Earwig and the Witch</h2><p>Meet Earwig, a young orphan who is content with her life at St Morwald's Home for Children until she is adopted by a witch named Bella Yaga. Earwig must use her wit and cleverness to outsmart the witch and navigate the magical world she finds herself in. This enchanting story is filled with humor, talking cats, and unexpected twists.</p><p>Publisher Information:<br>First Published June 2011<br>This edition published by HarperCollins Children's Books<br>77-85 Fulham Palace Road, Hammersmith, London W6 8JB<br>Text © Diana Wynne Jones 2011<br>ISBN - 978-0007416851</p>",Join Earwig on her magical journey as she outwits a witch and discovers her own hidden talents in this delightful and humorous tale.
The Brilliant World of Tom Gates by Liz Pichon,"<h2>The Brilliant World of Tom Gates</h2><p>Tom Gates is a master of excuses and doodling. Follow his hilarious and relatable journal as he navigates the ups and downs of school, annoying classmates, and his quest to get tickets to see his favorite band. Packed with doodles, funny stories, and quirky characters, this book is guaranteed to make you laugh out loud!</p><p>Publisher Information:<br>First Published April 2011<br>This edition published by Scholastic Children's Books<br>Euston House 24 Eversholt Street London NW1 1DB<br>Text © Liz Pichon 2011<br>ISBN - 978-1407120690</p>",Step into Tom Gates' world of doodles, mischief, and laugh-out-loud adventures as he deals with school, friendships, and his obsession with the best band ever, DUDE3.
Little Manfred by Michael Morpurgo,"<h2>Little Manfred</h2><p>In this heart-lifting story, follow the journey of Walter, a German survivor of the sinking of the Bismarck, as he finds himself in a British ship and is taken in by a host family. Set during the 1966 World Cup, Walter's touching friendship with ten-year-old Grace and the power of hope and connection will capture your heart.</p><p>Publisher Information:<br>First published June 2011<br>This edition published by HarperCollins Children's Books<br>77-85 Fulham Palace Road, Hammersmith, London W6 8JB<br>Text © Michael Morpurgo 2011<br>Illustrations © Michael Foreman 2011<br>ISBN - 978-0007339662</p>",Experience the moving story of Walter and Grace as they navigate the challenges of war, friendship, and hope in a time of great uncertainty and the excitement of the World Cup.
The Peppers and the International Magic Guys by Sian Pattenden,"<h2>The Peppers and the International Magic Guys</h2><p>Join Monty and Esme Pepper, the mischievous Pepper twins, on a show-stopping adventure. When their Uncle Potty's magic organization, International Magic Guys, faces closure, it's up to the Pepper twins to save the day. With real magic tricks, eccentric characters, and a dash of mayhem, this book will leave you spellbound!</p><p>Publisher Information:<br>First Published August 2010<br>This edition published by Simon & Schuster Children's Books<br>1st Floor 222 Gray's Inn Road London WC1X 8HB<br>Text © Sian Pattenden 2010<br>ISBN - 978-1847387741</p>",Embark on a magical journey with Monty and Esme Pepper as they use their wit, bravery, and a touch of magic to save their uncle's organization and discover the true meaning of family.
The Invention of Hugo Cabret by Brian Selznick,"<h2>The Invention of Hugo Cabret</h2><p>In this captivating novel, meet Hugo Cabret, a young orphan living in the walls of a Paris train station. Hugo's talent for fixing clocks and his quest to uncover a secret message left by his late father lead him on a breathtaking adventure. This unique story is told through a combination of words and stunning illustrations.</p><p>Publisher Information:<br>First Published July 2007<br>This edition published by Scholastic Children's Books<br>Euston House 24 Eversholt Street London NW1 1DB<br>Text and Illustrations © Brian Selznick 2007<br>ISBN - 978-1407103488</p>",Embark on a mesmerizing journey with Hugo Cabret as he unravels a mystery hidden within the walls of a train station, with beautiful illustrations bringing his story to life.
The Worst Witch by Jill Murphy,"<h2>The Worst Witch</h2><p>Meet Mildred Hubble, the worst witch at Miss Cackle's Academy for Witches. Follow her hilarious and often disastrous adventures as she tries to fit in, learn spells, and prove herself to her teachers and classmates. This classic tale of friendship, magic, and self-discovery has been enchanting readers for decades.</p><p>Publisher Information:<br>First published 1974<br>This edition published by Puffin Books, a division of Penguin Books Ltd<br>80 Strand, London WC2R 0RL<br>Text and Illustrations © Jill Murphy 1974<br>ISBN - 978-0141349592</p>",Join Mildred Hubble as she navigates the ups and downs of witch school, makes new friends, and discovers her own magical abilities in this timeless and beloved tale.
The Brilliant World of Tom Gates by Liz Pichon,"<h2>The Brilliant World of Tom Gates</h2><p>Tom Gates is a master of excuses and doodling. Follow his hilarious and relatable journal as he navigates the ups and downs of school, annoying classmates, and his quest to get tickets to see his favorite band. Packed with doodles, funny stories, and quirky characters, this book is guaranteed to make you laugh out loud!</p><p>Publisher Information:<br>First Published April 2011<br>This edition published by Scholastic Children's Books<br>Euston House 24 Eversholt Street London NW1 1DB<br>Text © Liz Pichon 2011<br>ISBN - 978-1407120690</p>",Step into Tom Gates' world of doodles, mischief, and laugh-out-loud adventures as he deals with school, friendships, and his obsession with the best band ever, DUDE3.
Ratburger by David Walliams,"<h2>Ratburger</h2><p>Meet Zoe, a young girl who finds solace in her pet rat, Armitage. When Armitage goes missing and Zoe discovers a sinister burger van owner with a dark secret, she embarks on a daring mission to save her beloved rat. This hilarious and heartwarming story explores themes of friendship, family, and standing up against bullies.</p><p>Publisher Information:<br>First Published September 2012<br>This edition published by HarperCollins Children's Books<br>77-85 Fulham Palace Road, Hammersmith, London W6 8JB<br>Text © David Walliams 2012<br>Illustrations © Tony Ross 2012<br>ISBN - 978-0007453542</p>",Join Zoe on her exciting adventure to rescue her pet rat and uncover the dark secrets lurking beneath the surface of a seemingly ordinary burger van.
The Boy in the Dress by David Walliams,"<h2>The Boy in the Dress</h2><p>Follow the story of Dennis, a twelve-year-old boy who loves soccer and fashion. When he discovers a dress in a catalog, Dennis finds the courage to explore his passion for fashion and challenge societal expectations. This heartwarming and inspiring tale celebrates individuality, acceptance, and the power of self-expression.</p><p>Publisher Information:<br>First Published November 2008<br>This edition published by HarperCollins Children's Books<br>77-85 Fulham Palace Road, Hammersmith, London W6 8JB<br>Text © David Walliams 2008<br>Illustrations © Quentin Blake 2008<br>ISBN - 978-0007279043</p>",Join Dennis as he breaks the rules and challenges stereotypes, teaching us the importance of embracing our true selves and accepting others for who they are.
Mr. Stink by David Walliams,"<h2>Mr. Stink</h2><p>Meet Chloe, a young girl who befriends Mr. Stink, a smelly and surprisingly kind homeless man she encounters in the park. Together, they embark on a heartwarming adventure that explores the themes of friendship, empathy, and the importance of seeing beyond appearances. This touching story will leave you with a smile on your face.</p><p>Publisher Information:<br>First Published October 2009<br>This edition published by HarperCollins Children's Books<br>77-85 Fulham Palace Road, Hammersmith, London W6 8JB<br>Text © David Walliams 2009<br>Illustrations © Quentin Blake 2009<br>ISBN - 978-0007279067</p>",Join Chloe on a heartwarming journey as she learns valuable lessons about friendship, compassion, and the true meaning of kindness.
Demon Dentist by David Walliams,"<h2>Demon Dentist</h2><p>In this darkly humorous tale, meet Alfie, a boy who dreads going to the dentist. When a new dentist arrives in town with a terrifying secret, Alfie finds himself in a perilous situation. Join him on a thrilling and funny adventure that will make you think twice before your next dental check-up!</p><p>Publisher Information:<br>First Published September 2013<br>This edition published by HarperCollins Children's Books<br>77-85 Fulham Palace Road, Hammersmith, London W6 8JB<br>Text © David Walliams 2013<br>Illustrations © Tony Ross 2013<br>ISBN - 978-0007453573</p>",Get ready for a hilarious and spine-tingling adventure with Alfie as he confronts his fear of the dentist and unravels the mystery behind a sinister tooth fairy.
Gangsta Granny by David Walliams,"<h2>Gangsta Granny</h2><p>Meet Ben, a boy who discovers that his seemingly boring granny has an exciting secret life as an international jewel thief. Join Ben and his granny on a hilarious and heartwarming adventure that celebrates the power of imagination, the joy of storytelling, and the special bond between grandparents and grandchildren.</p><p>Publisher Information:<br>First Published October 2011<br>This edition published by HarperCollins Children's Books<br>77-85 Fulham Palace Road, Hammersmith, London W6 8JB<br>Text © David Walliams 2011<br>Illustrations © Tony Ross 2011<br>ISBN - 978-0007371440</p>",Join Ben and his granny on a wild and exciting escapade full of unexpected twists, laughter, and the realization that grandparents can be way cooler than we think.
The Midnight Gang by David Walliams,"<h2>The Midnight Gang</h2><p>When the clock strikes midnight at the Lord Funt Hospital, a secret gang of children with unusual illnesses embarks on exciting adventures. Join them as they navigate the hospital's corridors and encounter eccentric characters, heartwarming moments, and the magic of friendship. This enchanting tale is packed with humor, imagination, and David Walliams' signature wit.</p><p>Publisher Information:<br>First Published November 2016<br>This edition published by HarperCollins Children's Books<br>77-85 Fulham Palace Road, Hammersmith, London W6 8JB<br>Text © David Walliams 2016<br>Illustrations © Tony Ross 2016<br>ISBN - 978-0008164614</p>",Get ready to join the Midnight Gang as they embark on extraordinary adventures, proving that even in the darkest times, friendship and imagination can bring light and joy.
Goblins by Philip Reeve,"<h2>Goblins</h2><p>Meet Skarper, a young goblin with a talent for thieving. When he stumbles upon an ancient Goblin's Handbook, Skarper's life takes an unexpected turn. Join him on a thrilling and hilarious adventure as he confronts magic, danger, and the true nature of goblinhood. This fast-paced and imaginative tale will keep you hooked from start to finish.</p><p>Publisher Information:<br>First published September 2012<br>This edition published by Marion Lloyd Books, an imprint of Scholastic Ltd<br>51 Westgate Street, London E8 3RL<br>Text © Philip Reeve 2012<br>ISBN - 978-1407115273</p>",Join Skarper as he discovers the hidden world of goblins and embarks on a quest that will test his skills, bravery, and what it means to be a true hero.
Coraline by Neil Gaiman,"<h2>Coraline</h2><p>When Coraline discovers a secret door in her new home, she unlocks a parallel world that seems too good to be true. But as Coraline delves deeper into the Other World, she realizes that everything comes with a price. This haunting and captivating tale explores themes of bravery, imagination, and the importance of appreciating what we have.</p><p>Publisher Information:<br>First Published August 2002<br>This edition published by Bloomsbury Publishing Plc<br>50 Bedford Square, London WC1B 3DP<br>Text © Neil Gaiman 2002<br>Illustrations © Chris Riddell 2002<br>ISBN - 978-1408803450</p>",Follow Coraline's courageous journey as she confronts the Other Mother and learns the true meaning of bravery, love, and appreciating the wonders of her own world.
Tuck Everlasting by Natalie Babbitt,"<h2>Tuck Everlasting</h2><p>Discover the extraordinary story of the Tuck family who, after drinking from a magical spring, became immortal. When ten-year-old Winnie Foster stumbles upon their secret, she must decide between eternal life and the joys and sorrows of a normal existence. This thought-provoking and beautifully written tale explores the value of life, the inevitability of death, and the power of choices.</p><p>Publisher Information:<br>First published 1975<br>This edition published by Bloomsbury Publishing Plc<br>50 Bedford Square, London WC1B 3DP<br>Text © Natalie Babbitt 1975<br>ISBN - 978-1408851405</p>",Embark on a timeless journey with Winnie as she grapples with the gift of eternal life and discovers the true meaning of living fully and embracing the natural cycle of life.
The Miraculous Journey of Edward Tulane by Kate DiCamillo,"<h2>The Miraculous Journey of Edward Tulane</h2><p>Follow the extraordinary adventure of Edward Tulane, a beloved china rabbit who gets lost and goes on a journey that will change his life. Along the way, Edward encounters a series of owners and learns about love, loss, and the importance of opening his heart to others. This poignant and beautifully crafted story will touch readers of all ages.</p><p>Publisher Information:<br>First published 2006<br>This edition published by Walker Books Ltd<br>87 Vauxhall Walk, London SE11 5HJ<br>Text © Kate DiCamillo 2006<br>Illustrations © Bagram Ibatoulline 2006<br>ISBN - 978-1406340035</p>",Join Edward Tulane on his extraordinary journey as he learns about the power of love, the joy of connection, and the transformative nature of compassion.
Holes by Louis Sachar,"<h2>Holes</h2><p>Stanley Yelnats is sent to Camp Green Lake, a juvenile detention center, where the boys are forced to dig holes every day. As Stanley unravels the mystery behind the camp and his family's curse, he discovers the power of friendship and the importance of making the right choices. This gripping and cleverly woven tale will keep you hooked until the very end.</p><p>Publisher Information:<br>First Published August 1998<br>This edition published by Bloomsbury Publishing Plc<br>50 Bedford Square, London WC1B 3DP<br>Text © Louis Sachar 1998<br>ISBN - 978-1408865235</p>",Embark on a thrilling and thought-provoking journey with Stanley as he digs deep, both literally and metaphorically, and unravels the mystery that will change his life forever.
The Spiderwick Chronicles: The Field Guide by Tony DiTerlizzi and Holly Black,"<h2>The Spiderwick Chronicles: The Field Guide</h2><p>Discover the magical world of the Spiderwick Estate, where three siblings encounter a hidden realm of faeries, goblins, and fantastical creatures. With the help of their great-great-uncle's Field Guide, the Grace children must navigate this dangerous and enchanting world. This spellbinding tale is filled with suspense, adventure, and captivating illustrations.</p><p>Publisher Information:<br>First Published May 2003<br>This edition published by Simon & Schuster Children's Books<br>1st Floor 222 Gray's Inn Road London WC1X 8HB<br>Text © Tony DiTerlizzi and Holly Black 2003<br>ISBN - 978-0689859366</p>",Enter the extraordinary world of the Spiderwick Estate and join the Grace children on a breathtaking adventure that will test their courage, wit, and belief in the magical.
The Amber Spyglass by Philip Pullman,"<h2>The Amber Spyglass</h2><p>Follow Lyra and Will as their worlds collide and they embark on a perilous journey to save all they hold dear. In the epic conclusion of the His Dark Materials trilogy, Lyra and Will face incredible challenges, encounter fascinating characters, and explore the mysteries of parallel universes. This captivating and thought-provoking tale explores love, destiny, and the power of human connection.</p><p>Publisher Information:<br>First Published October 2000<br>This edition published by Scholastic Children's Books<br>Euston House 24 Eversholt Street London NW1 1DB<br>Text © Philip Pullman 2000<br>ISBN - 978-1407104065</p>",Join Lyra and Will on their final and most dangerous adventure as they confront the forces of darkness, grapple with their destinies, and discover the true nature of love and sacrifice.
The Chronicles of Narnia: The Lion, the Witch and the Wardrobe by C.S. Lewis,"<h2>The Chronicles of Narnia: The Lion, the Witch and the Wardrobe</h2><p>Step through the wardrobe and into the magical land of Narnia, where four siblings discover a world filled with talking animals, mythical creatures, and an epic battle between good and evil. This timeless and enchanting tale explores themes of courage, faith, and the power of imagination.</p><p>Publisher Information:<br>First Published October 1950<br>This edition published by HarperCollins Children's Books<br>77-85 Fulham Palace Road, Hammersmith, London W6 8JB<br>Text © C.S. Lewis Pte. Ltd. 1950<br>ISBN - 978-0007115617</p>",Enter the wondrous world of Narnia and join Peter, Susan, Edmund, and Lucy on their extraordinary journey to fulfill a prophecy and defeat the White Witch, ultimately discovering their own destinies as kings and queens of a magical realm.
The Hobbit by J.R.R. Tolkien,"<h2>The Hobbit</h2><p>Follow Bilbo Baggins, a hobbit who embarks on a grand adventure to reclaim a stolen treasure from the fearsome dragon Smaug. Along the way, Bilbo encounters trolls, elves, goblins, and a mysterious ring that will change his life forever. This timeless and epic tale of bravery, friendship, and self-discovery is a cornerstone of fantasy literature.</p><p>Publisher Information:<br>First published 1937<br>This edition published by HarperCollins Children's Books<br>77-85 Fulham Palace Road, Hammersmith, London W6 8JB<br>Text © The J.R.R. Tolkien Copyright Trust 1937<br>ISBN - 978-0007269709</p>",Join Bilbo Baggins on his unforgettable journey through Middle-earth, filled with danger, treasure, and the discovery of his inner courage.
Harry Potter and the Philosopher's Stone by J.K. Rowling,"<h2>Harry Potter and the Philosopher's Stone</h2><p>Enter the magical world of Harry Potter, a young wizard who discovers he's destined for greatness when he enrolls at Hogwarts School of Witchcraft and Wizardry. Follow Harry and his friends Hermione and Ron as they navigate the challenges of school, unravel the mystery of the Philosopher's Stone, and face the ultimate battle against the dark wizard Voldemort. This beloved and enchanting tale of friendship, bravery, and the power of love captured the hearts of millions.</p><p>Publisher Information:<br>First Published June 1997<br>This edition published by Bloomsbury Publishing Plc<br>50 Bedford Square, London WC1B 3DP<br>Text © J.K. Rowling 1997<br>Illustrations © Jim Kay 2015<br>ISBN - 978-1408855656</p>",Step into the extraordinary world of Harry Potter as he embarks on his magical journey, encountering fantastic creatures, uncovering secrets, and discovering the true power of love and friendship.

