age_range,author,categories,description,detail_url,google_books_id,isbn,isbn10,isbn13,language,page_count,published_date,publisher,tags,thumbnail_url,title,year
2 to 4 years,Nadia Shireen,Juvenile Fiction,"Geoffreys jitters are out of control! How can he get rid of them? Told with humour and great empathy, this picture book from the author-illustrator ofBarbara Throws a Wobbleris both funny and helpful.",https://www.booktrust.org.uk/book-recommendations/bookfinder/geoffrey-gets-the-jitters/,OdmZEAAAQBAJ,9780241623695,0241623693,9780241623695,en,36,2023-08-03,Random House,"Funny, Picture books",https://books.google.com/books/content?id=OdmZEAAAQBAJ&printsec=frontcover&img=1&zoom=1&edge=curl&source=gbs_api,Geoffrey Gets the Jitters,2023
2 to 6 years,by Beach,,A funny picture book about dragons learning they dont always have to be bad!,https://www.booktrust.org.uk/book-recommendations/bookfinder/big-bad-dragon-club/,,,,,,,,,"Funny, Picture books, Poetry and rhyme",,Big Bad Dragon Club,2023
2 to 6 years,"A. M. Dassu, illustrated Junissa Bianda",,Hana cant find the familys Eid presents! She lookseverywhere- will she find them in time for Eid? A fun search-and-find story.,https://www.booktrust.org.uk/book-recommendations/bookfinder/can-you-find-my-eid-presents/,,,,,,,,,Picture books,,Can You Find My Eid Presents?,2024
4 to 12 years,"Nicola Davies, illustrated Emily Sutton",Juvenile Nonfiction,A beautifully illustrated book explaining how plants evolved and how they work now.,https://www.booktrust.org.uk/book-recommendations/bookfinder/green-the-story-of-plant-life-on-our-planet/,gMTaEAAAQBAJ,9781536237283,1536237280,9781536237283,en,39,2024-03-12,Candlewick Press,Non-fiction,https://books.google.com/books/content?id=gMTaEAAAQBAJ&printsec=frontcover&img=1&zoom=1&edge=curl&source=gbs_api,Green: The Story of Plant Life on Our Planet,2023
4 to 6 years,Ken Wilson-Max,Juvenile Fiction,"Aaronis scared ofgoing under the water. But when he finds an octopus stranded on the beach, hemust be brave. A gentle story about facing fears, and about ocean conservation.",https://www.booktrust.org.uk/book-recommendations/bookfinder/aqua-boy/,fsTaEAAAQBAJ,9781536237276,1536237272,9781536237276,en,31,2024-05-21,Candlewick Press,Picture books,https://books.google.com/books/content?id=fsTaEAAAQBAJ&printsec=frontcover&img=1&zoom=1&edge=curl&source=gbs_api,Aqua Boy,2024
4 to 6 years,"Moira Butterfield, illustrated Adam Ming",Juvenile Nonfiction,"A fact-filled, rhyming picture bookabout self-care routines. Animals are just like you!",https://www.booktrust.org.uk/book-recommendations/bookfinder/does-a-bear-wash-its-hair/,wjnVEAAAQBAJ,9781526669087,1526669080,9781526669087,en,34,2024-05-09,Bloomsbury Publishing,"Funny, Non-fiction, Poetry and rhyme",https://books.google.com/books/content?id=wjnVEAAAQBAJ&printsec=frontcover&img=1&zoom=1&edge=curl&source=gbs_api,Does a Bear Wash Its Hair?,2024
4 to 6 years,"Flo Fielding, illustrated Sawyer Cloud",Juvenile Nonfiction,"Femis wind machine for Science Daydoesntalways work. Gran has some useful advice - but what will happen at school when it matters? With techniques to calm anxiety, and gorgeous illustrations, this picture book will stimulate conversations about feelings.",https://www.booktrust.org.uk/book-recommendations/bookfinder/femi-and-the-mindfulness-machine/,Y3uyEAAAQBAJ,9780241654262,0241654262,9780241654262,en,34,2023-09-07,Dorling Kindersley Ltd,Picture books,https://books.google.com/books/content?id=Y3uyEAAAQBAJ&printsec=frontcover&img=1&zoom=1&edge=curl&source=gbs_api,Femi and the Mindfulness Machine,2023
4 to 6 years,"Lanisha Butterfield, illustrated Hoang Giang",Juvenile Fiction,Theos sunflower has grownrightthrough the tower block! A delightful celebration of nature and community.,https://www.booktrust.org.uk/book-recommendations/bookfinder/flower-block/,B53VEAAAQBAJ,9780241611388,0241611385,9780241611388,en,40,2024-06-06,Random House,Picture books,https://books.google.com/books/content?id=B53VEAAAQBAJ&printsec=frontcover&img=1&zoom=1&edge=curl&source=gbs_api,Flower Block,2024
4 to 6 years,"Craig Barr-Green, illustrated Francis Martin",,Retelling of Little Red Riding Hood with a neurodivergent protagonist.,https://www.booktrust.org.uk/book-recommendations/bookfinder/gina-kaminski-saves-the-wolf/,,,,,,,,,"Adventure, Picture books, Autistic spectrum conditions, Neurodiversity",,Gina Kaminski Saves the Wolf,2023
4 to 6 years,"Peter Bently, illustrated John Bond",Juvenile Fiction,An action-packed and hilarious rhyming adventure which sees a team of hamster superheroes battle against a variety of rodent foes.,https://www.booktrust.org.uk/book-recommendations/bookfinder/hamster-heroes/,wzqgEAAAQBAJ,9780008469238,0008469237,9780008469238,en,34,2023-07-06,HarperCollins UK,"Funny, Picture books, Poetry and rhyme",https://books.google.com/books/content?id=wzqgEAAAQBAJ&printsec=frontcover&img=1&zoom=1&edge=curl&source=gbs_api,Hamster Heroes,2024
4 to 6 years,Angie Morgan,,"Dora finds parties loud and overwhelming. But when she meets a similarly quiet child at a birthday, she realises they may not be sobad after all.",https://www.booktrust.org.uk/book-recommendations/bookfinder/i-really-really-dont-like-parties/,,,,,,,,,Picture books,,I Really Really Dont Like Parties,2024
4 to 6 years,"Stephanie Taylor, illustrated Jade Orlando",,"On her way home from school, Maya announces that she wants to be a princess when she grows up. Mum encourages her to consider other professions, but Maya wont change her mind. Though maybe its not a fairy tale princess shes thinking about. A witty story about inspirational black women.",https://www.booktrust.org.uk/book-recommendations/bookfinder/im-going-to-be-a-princess/,,,,,,,,,Picture books,,Im Going to be a Princess,2023
4 to 6 years,"Joseph Coelho, illustrated Allison Colpoys",Juvenile Fiction,"This is a poignant picture book about the power of friendship and knowing when to say sorry. The gentle, lyrical text from Childrens Laureate Joseph Coelho handles the familiar heightened emotions of playground-fall outs in a way that feels sincere and authentic.",https://www.booktrust.org.uk/book-recommendations/bookfinder/one-little-word/,PHrOEAAAQBAJ,9780711279131,0711279136,9780711279131,en,35,2023-08-10,Frances Lincoln Children's Books,Picture books,https://books.google.com/books/content?id=PHrOEAAAQBAJ&printsec=frontcover&img=1&zoom=1&edge=curl&source=gbs_api,One Little Word,2023
4 to 6 years,"Rachel Bright, illustrated Nadia Shireen",Juvenile Fiction,Gail is a little snail with a big dream - to become the first snail in space! A hilarious story about the power of passion and persistence.,https://www.booktrust.org.uk/book-recommendations/bookfinder/snail-in-space/,JUPrEAAAQBAJ,9781665951173,1665951176,9781665951173,en,32,2024-01-23,Simon and Schuster,"Funny, Picture books, Poetry and rhyme",https://books.google.com/books/content?id=JUPrEAAAQBAJ&printsec=frontcover&img=1&zoom=1&edge=curl&source=gbs_api,Snail in Space,2023
4 to 6 years,Bob Graham,Australian fiction,Children join in to draw a beautiful garden with chalk. A gorgeous picture book celebratingcommunityand the positive effect art has oneveryone.,https://www.booktrust.org.uk/book-recommendations/bookfinder/the-concrete-garden/,n-7XzwEACAAJ,9781529512649,1529512646,9781529512649,en,0,2023-08,,Picture books,https://books.google.com/books/content?id=n-7XzwEACAAJ&printsec=frontcover&img=1&zoom=1&source=gbs_api,The Concrete Garden,2023
4 to 6 years,"Ziggy Hanaor, illustrated Daisy Wynter",Juvenile Fiction,"Humphrey the eggisntallowed to do anything energetic - especially not climb walls. But when he and his new friend are locked in the park, hehas toescape somehow! A very funny graphic novel that will have children gigglingout loud.",https://www.booktrust.org.uk/book-recommendations/bookfinder/the-egg-incident/,YJzZzwEACAAJ,9781800660434,180066043X,9781800660434,en,0,2024-01-07,,"Funny, Graphic novels",https://books.google.com/books/content?id=YJzZzwEACAAJ&printsec=frontcover&img=1&zoom=1&source=gbs_api,The Egg Incident,2023
4 to 6 years,"Trish Cooke, illustrated Sophie Bass",Children's stories,"In a wonderful allegorical story highlighting a crucial part of Black history, superstar childrens author Trish Cooke tells a tale inspired by the real stories ofenslavedAfricans who made patterns in their cornrowed hair, using them as maps to escape their enslavers.",https://www.booktrust.org.uk/book-recommendations/bookfinder/the-magic-callaloo/,EJSM0AEACAAJ,9781529504880,1529504880,9781529504880,en,0,2024,,"Historical, Picture books",https://books.google.com/books/content?id=EJSM0AEACAAJ&printsec=frontcover&img=1&zoom=1&source=gbs_api,The Magic Callaloo,2024
4 to 6 years,"Michelle Robinson, illustrated Deborah Allwright",,"This is a fabulously funny picture book by the author ofTen Fat Sausages,brimming full of Michelle Robinsons trademark silly humour.",https://www.booktrust.org.uk/book-recommendations/bookfinder/the-thunk/,,,,,,,,,"Funny, Picture books, Poetry and rhyme",,The Thunk,2023
4 to 6 years,illustrated Alice McKinley,,"This is a fabulously funny picture book by the author of Ten Fat Sausages brimming full of Michelle Robinsons trademark silly humour. So The Thunk is a beast, a bit like a skink, although more like a skunk on account of the stink, thought to be extinct but young explorer Hector Voltaire whos had his fair share of other kids saying his heads full of air, is determined to find one.",https://www.booktrust.org.uk/book-recommendations/bookfinder/this-rock-is-mine/,,,,,,,,,"Funny, Picture books",,This Rock is Mine,2023
4 to 6 years,"Simon Philip, illustrated Ian Smith",Juvenile Fiction,"Two children areout and aboutin a city, looking for llamas.One of the children issupposedlyallama expert, butwill the children find one?Funny andinteractive.",https://www.booktrust.org.uk/book-recommendations/bookfinder/wanna-see-a-llama/,AssLEQAAQBAJ,9780192783530,019278353X,9780192783530,en,36,2024-05-23,Oxford University Press - Children,"Interactive, Non-fiction, Picture books",https://books.google.com/books/content?id=AssLEQAAQBAJ&printsec=frontcover&img=1&zoom=1&edge=curl&source=gbs_api,Wanna see A Llama?,2024
4 to 6 years,"Catherine Cawthorne, illustrated Aysha Awwad",Juvenile Nonfiction,"Join the children as they search for a woolly mammoth and discover lots of other giant Ice Age animals along the way! Charming and informative, with very cute illustrations.",https://www.booktrust.org.uk/book-recommendations/bookfinder/we-went-to-find-a-woolly-mammoth/,H96pEAAAQBAJ,9781444973631,1444973630,9781444973631,en,34,2023-10-12,Hachette UK,Picture books,https://books.google.com/books/content?id=H96pEAAAQBAJ&printsec=frontcover&img=1&zoom=1&edge=curl&source=gbs_api,We Went to Find a Woolly Mammoth,2023
4 to 6 years,Anna McGregor,,"Meet Fergus, who is a real deep-sea creature. But we can only see his eyes. What could he be? An enjoyable anarchic mash-up of fiction and non-fiction, with facts at the end, and a surprise reveal.",https://www.booktrust.org.uk/book-recommendations/bookfinder/whos-afraid-of-the-light/,,,,,,,,,"Non-fiction, Picture books",,Whos Afraid of the Light?,2023
4 to 6 years,"Karl Newson, illustrated James Brown",,"ItsWild Book Day, when all the pictures escape from the books. What fun they have!This is a book to make children leap about with excitement, but also to encourage a love of reading.Fun-filled book joy!",https://www.booktrust.org.uk/book-recommendations/bookfinder/wild-book-day/,,,,,,,,,Picture books,,Wild Book Day,2024
4 to 9 years,Alex T Smith,Juvenile Fiction,"Every night, six-year-old Astrid transforms into a Space Cadet, an intergalactic helper who zooms across the universe to solve problems and assist those in need. This fast-paced, funny chapter book is accompanied by magnificent black-and-white illustrations.",https://www.booktrust.org.uk/book-recommendations/bookfinder/astrid-and-the-space-cadets-attack-of-the-snailiens/,KVvHEAAAQBAJ,9781035019755,1035019752,9781035019755,en,176,2024-03-07,Pan Macmillan,"Adventure, Chapter books, Funny, Science fiction",https://books.google.com/books/content?id=KVvHEAAAQBAJ&printsec=frontcover&img=1&zoom=1&edge=curl&source=gbs_api,Astrid and the Space Cadets: Attack of the Snailiens!,2024
4 to 9 years,Kari Lavelle,Juvenile Nonfiction,"Are you ready for round two of the hilarious guessing game picture book? Discover fascinating facts about animals while guessing if you're looking at a bum or a face! Bum or Face? Volume 2 continues the delightfully cheeky challenge with a whole new set of animals from all over the world. Examine a close-up photo of an animal and then guess whether you're looking at the top or the...um...bottom. The answer is revealed on the next page with a compete photo of the animal! Also included are factual animal details along with how these animals use camouflage or other trickery to engage with their home. Readers will discover animals like the alien butt spider who turns leaves into burrito-like hideaways, the leaf-tailed gecko whose body mimics the leaves and bark of a tree, and many more!",https://www.booktrust.org.uk/book-recommendations/bookfinder/bum-or-face/,_7w70AEACAAJ,9781464224010,1464224013,9781464224010,en,0,2024-04-04,DK Publishing (Dorling Kindersley),"Funny, Non-fiction",https://books.google.com/books/content?id=_7w70AEACAAJ&printsec=frontcover&img=1&zoom=1&source=gbs_api,Bum or Face?,2023
6 to 12 years,"Marcus Rashford and Alex Falase-Koya, illustrated Marta Kissi",Juvenile Fiction,Can the Breakfast Club Investigators find the Phantom Thief and save Asim from being blamed? A gentle mystery with short chapters and lots of energetic illustrations.,https://www.booktrust.org.uk/book-recommendations/bookfinder/the-breakfast-club-adventures-the-phantom-thief/,lReyEAAAQBAJ,9781035022687,1035022680,9781035022687,en,149,2023-09-28,Pan Macmillan,,https://books.google.com/books/content?id=lReyEAAAQBAJ&printsec=frontcover&img=1&zoom=1&edge=curl&source=gbs_api,The Breakfast Club Adventures: The Phantom Thief,2023
6 to 12 years,"Nikesh Shukla, illustrated Rochelle Falconer",,"Vinay and hisCouncil of Friends aredisrupted by the arrival of his cousin. Together, they learn toset aside their differences and empathise with each others feelings.",https://www.booktrust.org.uk/book-recommendations/bookfinder/the-council-of-good-friends/,,,,,,,,,"Chapter books, Funny",,The Council of Good Friends,2023
6 to 9 years,"Simon Mole, illustrated Matt Hunt",,"This fun and inventive collection of thirty roar-some, illustrated poems celebrates the weird and wonderful world of dinosaurs.",https://www.booktrust.org.uk/book-recommendations/bookfinder/a-first-book-of-dinosaurs/,JHnwzwEACAAJ,9781406396096,1406396095,9781406396096,en,0,2023-09,,"Funny, Poetry and rhyme",https://books.google.com/books/content?id=JHnwzwEACAAJ&printsec=frontcover&img=1&zoom=1&source=gbs_api,A First Book of Dinosaurs,2023
6 to 9 years,"Carlie Sorosiak, illustrated Luisa Uribe",Juvenile Nonfiction,A fascinating non-fiction bookthat detailseverything on dogs!,https://www.booktrust.org.uk/book-recommendations/bookfinder/a-world-of-dogs/,TMGszwEACAAJ,9781839948497,1839948493,9781839948497,en,0,2023-09,Nosy Crow Limited,Non-fiction,https://books.google.com/books/content?id=TMGszwEACAAJ&printsec=frontcover&img=1&zoom=1&source=gbs_api,A World of Dogs,2023
6 to 9 years,"Atinuke, illustrated Emily Hughes",Animals,Follow the adventures of Beti and her baby goat Naughty in this beautifully written and illustrated book as they explore the natural world which surrounds her little round house in the Welsh countryside.,https://www.booktrust.org.uk/book-recommendations/bookfinder/beti-and-the-little-round-house/,ejV90AEACAAJ,9781406382433,1406382434,9781406382433,en,0,2024-05,,"Chapter books, Funny",https://books.google.com/books/content?id=ejV90AEACAAJ&printsec=frontcover&img=1&zoom=1&source=gbs_api,Beti and the Little Round House,2024
6 to 9 years,"Catherine Cawthorne, illustrated Sara Ogilvie",,Could the Big Bad Wolfreallyblow down a straw house? A funny look at familiar fairy tales through the lens of STEM.,https://www.booktrust.org.uk/book-recommendations/bookfinder/big-bad-wolf-investigates-fairy-tales/,,,,,,,,,"Funny, Non-fiction, Picture books",,Big Bad Wolf Investigates: Fairy Tales,2024
6 to 9 years,"Lisa Thompson, illustrated Jess Rose",Juvenile Fiction,"Carrie devises an elaborate roller-skating routine to perform at her school assembly, but shes never roller-skated before and its much trickier than she thought. This delightful, illustrated chapter book about friendship and perseverance is ideal for dyslexic or reluctant readers.",https://www.booktrust.org.uk/book-recommendations/bookfinder/carrie-and-the-roller-boots/,qRHsEAAAQBAJ,9781800903135,1800903138,9781800903135,en,51,2023-08-03,HarperCollins UK,"Chapter books, Dyslexia",https://books.google.com/books/content?id=qRHsEAAAQBAJ&printsec=frontcover&img=1&zoom=1&edge=curl&source=gbs_api,Carrie and the Roller Boots,2023
6 to 9 years,Matty Long,Camping,"Croaky Hopper is a frogwhoskeen for adventure.Sohesthrilled to go on a Woggle Scouts camping trip. But will they find the mysterious Sasquatch?Colourful,funnyandfullof action.",https://www.booktrust.org.uk/book-recommendations/bookfinder/croaky-search-for-the-sasquatch/,1fq6zwEACAAJ,9780192785183,0192785184,9780192785183,en,0,2024-03-07,,"Adventure, Chapter books, Funny",https://books.google.com/books/content?id=1fq6zwEACAAJ&printsec=frontcover&img=1&zoom=1&source=gbs_api,Croaky: Search for the Sasquatch,2024
6 to 9 years,Adeola Sokunbi,Juvenile Fiction,"Destiny feels nervous about going to her first sleepover. When she meets a friendly monster, the two of themconquer their fears together and have loads of fun on the way!",https://www.booktrust.org.uk/book-recommendations/bookfinder/destiny-ink-sleepover-surprise/,xx7jEAAAQBAJ,9781805132325,1805132326,9781805132325,en,72,2024-06-06,Nosy Crow,"Chapter books, Funny",https://books.google.com/books/content?id=xx7jEAAAQBAJ&printsec=frontcover&img=1&zoom=1&edge=curl&source=gbs_api,Destiny Ink: Sleepover Surprise,2024
6 to 9 years,"Andy Day, illustrated Steven Lenton",Juvenile Fiction,"Ruby and her dad can change into dinosaurs! But can they find her little sister on the island ofDinotropolis?A sweet, yet madcap adventure full of brilliant illustrations.",https://www.booktrust.org.uk/book-recommendations/bookfinder/dino-dad/,uCfQEAAAQBAJ,9780241642931,0241642930,9780241642931,en,146,2024-05-09,Random House,"Chapter books, Funny",https://books.google.com/books/content?id=uCfQEAAAQBAJ&printsec=frontcover&img=1&zoom=1&edge=curl&source=gbs_api,Dino Dad,2024
6 to 9 years,Mika Song,Juvenile Fiction,Two squirrels want donuts for breakfast - how will they get one? A delightful graphic novel with gentle humour for younger readers.,https://www.booktrust.org.uk/book-recommendations/bookfinder/donut-feed-the-squirrels/,AGiTEAAAQBAJ,9780593125274,0593125274,9780593125274,en,0,2020-09-29,Random House Graphic,"Comic books, Funny, Graphic novels",https://books.google.com/books/content?id=AGiTEAAAQBAJ&printsec=frontcover&img=1&zoom=1&source=gbs_api,Donut Feed the Squirrels,2024
6 to 9 years,"Dr Roopa Farooki, illustrated Viola Wang",,"A simple introduction to the way the brain works, with gorgeous bright illustrations. Ideal for young, curious children.",https://www.booktrust.org.uk/book-recommendations/bookfinder/dr-roopas-body-books-the-brilliant-brain/,,,,,,,,,"Non-fiction, Picture books",,Dr Roopas Body Books: The Brilliant Brain,2024
6 to 9 years,"Hannah Pang, illustrated Isobel Lundie",Juvenile Nonfiction,"Explore the different layers of a variety of habitats with this beautiful non-fiction book, featuring interactive layered pages.",https://www.booktrust.org.uk/book-recommendations/bookfinder/habitats/,fLG-EAAAQBAJ,9781944530419,194453041X,9781944530419,en,42,2024-02-13,Tiger Tales,"Non-fiction, Picture books",https://books.google.com/books/content?id=fLG-EAAAQBAJ&printsec=frontcover&img=1&zoom=1&edge=curl&source=gbs_api,Habitats,2024
6 to 9 years,"Bethan Clarke, illustrated Anders Frang",,"Moles live in holes, right? This funny book plays with rhyme as Gus the Goat tries to guess where his friend Mavis Mole lives.",https://www.booktrust.org.uk/book-recommendations/bookfinder/holey-moley/,qLiGzwEACAAJ,9781801044134,1801044139,9781801044134,en,0,2023-05-11,Little Tiger Press,"Funny, Picture books, Poetry and rhyme",https://books.google.com/books/content?id=qLiGzwEACAAJ&printsec=frontcover&img=1&zoom=1&source=gbs_api,Holey Moley,2024
6 to 9 years,"Alan Macdonald, illustrated Francesca Gambatesa",,"Meet Huxley the irrepressible koala and Flapjack the cautious penguin. Together, they have lots of adventures, but can they catch a thief? A fun chapter book packed with energy and brilliant colour illustrations.",https://www.booktrust.org.uk/book-recommendations/bookfinder/huxley-and-flapjack-race-to-the-rescue/,,,,,,,,,"Chapter books, Funny",,Huxley and Flapjack Race to the Rescue,2023
6 to 9 years,"Natalie Denny, illustrated Chant Timothy",Juvenile Fiction,"Keisha wants to be like her inspiring Great Aunt Bee and stand up for whats right. Her first cause is the price of bunnies in the pet shop. Funny and packed with brilliant illustrations, this will have young readers coming back for more in the series.",https://www.booktrust.org.uk/book-recommendations/bookfinder/keisha-jones-takes-on-the-world/,j9q6zwEACAAJ,9781788955980,1788955986,9781788955980,en,0,2023,,Funny,https://books.google.com/books/content?id=j9q6zwEACAAJ&printsec=frontcover&img=1&zoom=1&source=gbs_api,Keisha Jones Takes on the World,2023
6 to 9 years,Jamie Smart,,"Max has just moved to Animal Island where there are lots of new friends - including a chaffy. But Chaffy is lost! Can you help Max find Chaffy? This very young, colourful graphic novel series is brilliantly interactive and full of fun.",https://www.booktrust.org.uk/book-recommendations/bookfinder/max-chaffy-welcome-to-animal-island/,,,,,,,,,"Adventure, Funny, Graphic novels, Interactive",,Max & Chaffy: Welcome to Animal Island,2023
6 to 9 years,"Zanib Mian, illustrated Kyan Cheng",Juvenile Nonfiction,"Can Maysa and Musa solve the mystery of who destroyed the competition cookies? Relatable and funny, this is a story about everyday family life, with a gentle mystery and a BIG lie at the heart of it.",https://www.booktrust.org.uk/book-recommendations/bookfinder/meet-the-maliks-twin-detectives-the-cookie-culprit/,TFYl0AEACAAJ,9781444934571,1444934570,9781444934571,en,0,2024-08-27,Hodder Children's Books,"Chapter books, Funny",https://books.google.com/books/content?id=TFYl0AEACAAJ&printsec=frontcover&img=1&zoom=1&source=gbs_api,"Meet the Maliks, Twin Detectives The Cookie Culprit",2023
6 to 9 years,Adam Stower,Juvenile Fiction,"Best friends Murray the cat and Bun the rabbitaremagically transported back to Viking times, where they become troll hunters. This hilarious comic caper, which is generously illustrated throughout, is the first instalment in an exciting new series for independent young readers.",https://www.booktrust.org.uk/book-recommendations/bookfinder/murray-and-bun-murray-the-viking/,WT4qEQAAQBAJ,9798217030989,,9798217030989,en,193,2025-06-03,Random House,"Adventure, Fantasy, Funny",https://books.google.com/books/content?id=WT4qEQAAQBAJ&printsec=frontcover&img=1&zoom=1&edge=curl&source=gbs_api,Murray and Bun: Murray the Viking,2024
6 to 9 years,"Laura Henry-Allain, illustrated Giovana Medeiros",,"An accessible, usefulnon-fictionguide to all types of families.",https://www.booktrust.org.uk/book-recommendations/bookfinder/my-family-your-family/,,,,,,,,,Picture books,,My Family Your Family,2023
6 to 9 years,"By various, illustrated Annalise Barber, Mariana Roldan, Masha Manapov and Nabila Adani",,"A stunning collection of poems, beautifully illustrated, that explores and celebrate nature in its various magnificent forms. Perfect for reading aloud, and for curling up with.",https://www.booktrust.org.uk/book-recommendations/bookfinder/our-earth-is-a-poem-poetry-about-nature/,,,,,,,,,Poetry and rhyme,,Our Earth is a Poem: poetry about nature,2023
6 to 9 years,Sheena Dempsey,Juvenile Fiction,Pablo and Splash are two penguins whoveaccidentallytime-travelled to the Cretaceous period! Can they get home to the icy Antarctic beforetheyreeaten by dinosaurs?A funny colour graphic novel for newly confident readers.,https://www.booktrust.org.uk/book-recommendations/bookfinder/pablo-and-splash/,ekosEQAAQBAJ,9781526662606,1526662604,9781526662606,en,242,2024-01-18,Bloomsbury Publishing,"Adventure, Funny, Graphic novels",https://books.google.com/books/content?id=ekosEQAAQBAJ&printsec=frontcover&img=1&zoom=1&edge=curl&source=gbs_api,Pablo and Splash,2023
6 to 9 years,"Pip Jones, illustrated Paula Bowles",Juvenile Fiction,"A sausage dog finds out what they are best at in a fun, life-affirming dog adventure for new readers.",https://www.booktrust.org.uk/book-recommendations/bookfinder/peggy-little-legs/,pxHsEAAAQBAJ,9781800903067,1800903065,9781800903067,en,51,2023-06-01,HarperCollins UK,Chapter books,https://books.google.com/books/content?id=pxHsEAAAQBAJ&printsec=frontcover&img=1&zoom=1&edge=curl&source=gbs_api,Peggy Little-Legs,2024
6 to 9 years,Grant Snider,Juvenile Fiction,Beautifully simple poemsare paired with comic-book style panel illustrations.Two characters across the course of the year as they express themselves through poetry.,https://www.booktrust.org.uk/book-recommendations/bookfinder/poetry-comics/,zd_WEAAAQBAJ,9781797223711,1797223712,9781797223711,en,95,2024-03-26,Chronicle Books,"Comic books, Poetry and rhyme",https://books.google.com/books/content?id=zd_WEAAAQBAJ&printsec=frontcover&img=1&zoom=1&edge=curl&source=gbs_api,Poetry Comics,2024
6 to 9 years,Helen Rutter,Juvenile Fiction,"A touching, light-hearted book aboutfinding confidence and friendship.",https://www.booktrust.org.uk/book-recommendations/bookfinder/reggie-houser-has-the-power/,bjAl0AEACAAJ,9780702314650,070231465X,9780702314650,en,0,2024-01-07,,"ADHD, Neurodiversity",https://books.google.com/books/content?id=bjAl0AEACAAJ&printsec=frontcover&img=1&zoom=1&source=gbs_api,Reggie Houser Has the Power,2024
6 to 9 years,illustrated Diego Vaisberg,,This interactive non-fiction bookuses aseekand find torch and flaps toexplore thedifferent animalspresent in ocean habitats.,https://www.booktrust.org.uk/book-recommendations/bookfinder/seek-and-find-ocean-animals/,,,,,,,,,"Interactive, Non-fiction",,Seek and Find: Ocean Animals,2024
6 to 9 years,"Alastair Chisholm, illustrated Jez Tuya",Children's stories,A funny and inventive picture book that celebrates the power of storytelling. One dreary day Dad tells Jamie and Abby a story about a band of intergalactic heroes - the Space Pirate Bears - who must defeat evil Doktor Drab and save the galaxy from dullness...,https://www.booktrust.org.uk/book-recommendations/bookfinder/space-pirate-bears/,HnLWzwEACAAJ,9781529507256,1529507251,9781529507256,en,0,2023-08,,"Adventure, Funny, Picture books",https://books.google.com/books/content?id=HnLWzwEACAAJ&printsec=frontcover&img=1&zoom=1&source=gbs_api,Space Pirate Bears,2023
6 to 9 years,Alex Willmore,,Spy goggles? Check. Spy bike? Check. Get ready for a top-secret action-packed Spyceratops mission. Super fun - with a surprise ending.,https://www.booktrust.org.uk/book-recommendations/bookfinder/spyceratops/,K158zwEACAAJ,9780008505479,0008505470,9780008505479,en,0,2023-08-03,,"Adventure, Funny, Picture books",https://books.google.com/books/content?id=K158zwEACAAJ&printsec=frontcover&img=1&zoom=1&source=gbs_api,Spyceratops,2023
6 to 9 years,"Rachel Morrisroe, illustrated Jenny Taylor",,Dottie the flying dachshund must team up with her new owner Harry to rescue theSuperpetsfrom the evil clutches of a sparkly supervillain in thishilarious chapter book.,https://www.booktrust.org.uk/book-recommendations/bookfinder/super-sausage-to-the-rescue/,,,,,,,,,"Chapter books, Funny",,Super Sausage to the Rescue,2024
6 to 9 years,"Guy Bass, illustrated Lee Cosgrove",Juvenile Fiction,"Hugh is determined to clear his dogs name when shes accused of eating his homework. This hilarious chapter book is full of witty one-liners, daft puns and dynamic black-and-white illustrations.",https://www.booktrust.org.uk/book-recommendations/bookfinder/taking-shelter-a-hugh-dunnit-mystery/,KJb5EAAAQBAJ,9781787612761,1787612767,9781787612761,en,68,2024-04-04,Andersen Press Limited,"Chapter books, Funny",https://books.google.com/books/content?id=KJb5EAAAQBAJ&printsec=frontcover&img=1&zoom=1&edge=curl&source=gbs_api,Taking Shelter,2024
6 to 9 years,"Jenny Moore, illustrated Sarah Horne",,Two interlinked stories in one - flip the book to read the second one.WillDerek the vampireand Ruby the unusual fairy become film stars?,https://www.booktrust.org.uk/book-recommendations/bookfinder/tangled-tales-bites-camera-action-movies-magic-mayhem/,,,,,,,,,"Chapter books, Funny",,"Tangled Tales: Bites, Camera, Action! / Movies, Magic, Mayhem!",2024
6 to 9 years,"Nima Patel, illustrated Cally Johnson-Isaacs",,"In this gentle and uplifting picture book, the common questionWhat do you want to be when you grow up? is turned on its head. Children are often asked to think aboutwhatjob they might like to do from an early age. And whilst there is nothing wrong with ambition, this question can feel difficult - after all, there is still so much to learn about the world and maybe youd like to do many jobs!",https://www.booktrust.org.uk/book-recommendations/bookfinder/the-best-you/,,,,,,,,,"Non-fiction, Picture books",,The Best You,2024
6 to 9 years,"Pamela Butchart, illustrated Monika Filipina",Juvenile Fiction,"When Sav and Liam hear a cat meowing in the upstairs flat, they decide it must be a ghost, so go to investigate. An engaging, heart-warming mystery, ideal for reluctant and dyslexic readers.",https://www.booktrust.org.uk/book-recommendations/bookfinder/the-ghost-cat-who-saved-my-life/,tRHsEAAAQBAJ,9781800903128,180090312X,9781800903128,en,53,2023-07-06,HarperCollins UK,"Adventure, Chapter books, Funny, Dyslexia",https://books.google.com/books/content?id=tRHsEAAAQBAJ&printsec=frontcover&img=1&zoom=1&edge=curl&source=gbs_api,The Ghost Cat Who Saved my Life,2023
6 to 9 years,"Polly Ho-Yen, illustrated Sojung Kim-McCarthy",,"Despite being terrified of water, Ita feels strangely drawn to the nearby river and, when she ventures to put her hands beneath the surface, discovers something unexpected and magical that gradually changes how she sees the world.",https://www.booktrust.org.uk/book-recommendations/bookfinder/the-girl-who-became-a-fish/,,,,,,,,,"Chapter books, Coming-of-age",,The Girl Who Became a Fish,2023
6 to 9 years,Aaron Becker,Juvenile Fiction,Awordless picture bookfeaturing a robot protagonist and aflooded landscape. It is abeautifully illustrated modernretelling of the Noahs arkstory.,https://www.booktrust.org.uk/book-recommendations/bookfinder/the-last-zookeeper/,asTaEAAAQBAJ,9781536237085,1536237086,9781536237085,en,47,2024-03-26,Candlewick Press,"Picture books, Dystopia",https://books.google.com/books/content?id=asTaEAAAQBAJ&printsec=frontcover&img=1&zoom=1&edge=curl&source=gbs_api,The Last Zookeeper,2024
6 to 9 years,"Mike Barfield, illustrated Franziska Hllbacher",,"Find out the stories behind some of the worlds most important inventions in this funny, comic style, illustrated non-fiction book.",https://www.booktrust.org.uk/book-recommendations/bookfinder/the-worlds-first-rollercoaster-and-other-amazing-inventions/,,,,,,,,,"Comic books, Funny, Non-fiction",,The Worlds First Rollercoaster and Other Amazing Inventions,2024
6 to 9 years,"Aisha Bushby, illustrated Kbra Teber",,"Tiny is a miniature girl who lives among the petals of a sunflower. She embarks on a big adventure when she goes in search of friendship. This gentle, inclusive tale explores the effects of bullying and demonstrates the importance of tolerance and kindness.",https://www.booktrust.org.uk/book-recommendations/bookfinder/tiny-the-secret-adventurer/,,,,,,,,,"Adventure, Chapter books, Fantasy",,Tiny the Secret Adventurer,2023
6 to 9 years,Kate Pankhurst,Juvenile Nonfiction,"Luna and her granny learn how to be astronauts together. Packed with space facts, and brilliantly illustrated, this is inspiring STEM content for any child.",https://www.booktrust.org.uk/book-recommendations/bookfinder/we-are-all-astronauts/,aP_QEAAAQBAJ,9781526615411,152661541X,9781526615411,en,34,2023-08-31,Bloomsbury Publishing,Picture books,https://books.google.com/books/content?id=aP_QEAAAQBAJ&printsec=frontcover&img=1&zoom=1&edge=curl&source=gbs_api,We Are All Astronauts!,2023
6 to 9 years,"Davina Tijani, illustrated Adam Douglas-Bagley",,"Yomi, aged around 10 and her younger brother Kay are spending the summer with their Uncle Olu who is a Nkara (dragon) researcher travelling the world lecturing on African studies. They are in The Gambias capital city Banjul when Yomi sees Ninki Nanka, the famous and ferocious water dragon and realises it is in trouble.",https://www.booktrust.org.uk/book-recommendations/bookfinder/yomi-and-the-fury-of-ninki-nanka/,,,,,,,,,"Adventure, Chapter books",,Yomi and the Fury of Ninki Nanka,2023
9 to 12+ years,Dev Kothari,Missing children,"When Lenas older brother goes missing, she knows she must find him. But what secrets will she uncover? A gripping mystery set in contemporary India, with themes of family expectations and the importance of the arts.",https://www.booktrust.org.uk/book-recommendations/bookfinder/bringing-back-kay-kay/,vfbp0AEACAAJ,9781529516043,1529516048,9781529516043,en,0,2024,,"Around the world, Poetry and rhyme",https://books.google.com/books/content?id=vfbp0AEACAAJ&printsec=frontcover&img=1&zoom=1&source=gbs_api,Bringing Back Kay-Kay,2024
9 to 12+ years,"Tom Vaughan, illustrated David OConnell",Juvenile Nonfiction,"Hercules plan to play it cool when he starts secondary school goes awry when he becomes a target for the school bully. With the arrival of his estranged Greek father, Hercules popularity surges, but at what cost? With a generous smattering of Greek mythology, this laugh-out-loud tale explores the nature of friendship, love and loyalty with a perfect mix of warmth and humour.",https://www.booktrust.org.uk/book-recommendations/bookfinder/hercules-the-diary-of-a-sort-of-hero/,dsIN0AEACAAJ,9780702324635,0702324639,9780702324635,en,0,2024-01-06,,"Adventure, Chapter books, Funny, Myths and legends",https://books.google.com/books/content?id=dsIN0AEACAAJ&printsec=frontcover&img=1&zoom=1&source=gbs_api,Hercules: The Diary of a (Sort Of) Hero,
9 to 12+ years,Alastair Chisholm,Juvenile Fiction,Apacy dystopian page-turner.,https://www.booktrust.org.uk/book-recommendations/bookfinder/i-am-wolf/,B-pW0AEACAAJ,9781839945311,1839945311,9781839945311,en,0,2024-05,,"Adventure, Science fiction, Dystopia, Disability",https://books.google.com/books/content?id=B-pW0AEACAAJ&printsec=frontcover&img=1&zoom=1&source=gbs_api,I Am Wolf,2024
9 to 12+ years,"Katherine Rundell, illustrated Tomislav Tomic",Juvenile Fiction,"Katherine Rundell has created an incredibly real-feeling magical world and story to rival classics like Narnia, with writing that sweeps you up and main characters who are simultaneously humanly flawed yet inherently pure and good.",https://www.booktrust.org.uk/book-recommendations/bookfinder/impossible-creatures/,McAdEQAAQBAJ,9781408897430,1408897431,9781408897430,en,386,2024-08-29,Bloomsbury Publishing,"Adventure, Fantasy, Myths and legends",https://books.google.com/books/content?id=McAdEQAAQBAJ&printsec=frontcover&img=1&zoom=1&edge=curl&source=gbs_api,Impossible Creatures,2023
9 to 12+ years,"Chris Bradford, illustrated Charlotte Grange",Young Adult Fiction,"With a great mix of science fiction and science fact, this nail-biting race-against-time is presented in an accessible format with black and white illustrations.",https://www.booktrust.org.uk/book-recommendations/bookfinder/lunar/,txHsEAAAQBAJ,9781800903173,1800903170,9781800903173,en,50,2023-10-05,HarperCollins UK,"Adventure, Science fiction, Thriller, Dyslexia",https://books.google.com/books/content?id=txHsEAAAQBAJ&printsec=frontcover&img=1&zoom=1&edge=curl&source=gbs_api,Lunar,
9 to 12+ years,Hiba Noor Khan,,"Focussing on the experiences of a small group of individuals, Safiyyahs story shines a spotlight on an under-recognised pocket of resistance from World War II when hundreds of Jews were led to safety via underground passages from the Grand Mosque in Paris.",https://www.booktrust.org.uk/book-recommendations/bookfinder/safiyyahs-war/,,,,,,,,,"Around the world, Coming-of-age, Historical, Thriller",,Safiyyahs War,2023
9 to 12 years,by Usborne,,"Delve into the world of sports with this compilation of fascinating facts from around the world. Featuring engaging information,illustrationsand infographics, this isa great choicefor all sports lovers!",https://www.booktrust.org.uk/book-recommendations/bookfinder/100-things-to-know-about-sport/,,,,,,,,,Non-fiction,,100 Things to Know About Sport,2024
9 to 12 years,Tom Palmer,Juvenile Fiction,"In the midst ofwar, amysterious figureisperforming acts of kindness in a Lake District village. Can Tarn find out who it is? An excellent addition to fiction about World War II.",https://www.booktrust.org.uk/book-recommendations/bookfinder/angel-of-grasmere/,7DfpEAAAQBAJ,9780008700737,0008700737,9780008700737,en,121,2024-05-09,HarperCollins UK,"Historical, Dyslexia",https://books.google.com/books/content?id=7DfpEAAAQBAJ&printsec=frontcover&img=1&zoom=1&edge=curl&source=gbs_api,Angel of Grasmere,2024
9 to 12 years,illustrated The Boy Fitz Hammond,,"Sports expert Clare Balding is here to commentate on a stupendous set of eight edge-of-your-seat sporting events featuring all manner of brilliantly fast, strong and agile animals.",https://www.booktrust.org.uk/book-recommendations/bookfinder/animal-all-stars-incredible-facts-stats-and-stories-from-the-greatest-record-breakers-in-the-animal-world/,,,,,,,,,"Fantasy, Interactive, Non-fiction",,Animal All-Stars,2024
9 to 12 years,Lisa Williamson,Juvenile Fiction,This funny and touching coming-of-age story reflects the experiences of many youngsters making the transition to secondary school or experiencing changes in the family.,https://www.booktrust.org.uk/book-recommendations/bookfinder/best-friends-forever/,-IHcEAAAQBAJ,9781913101565,1913101568,9781913101565,en,209,2023-10-12,Michael O'Mara Books,"Coming-of-age, Funny",https://books.google.com/books/content?id=-IHcEAAAQBAJ&printsec=frontcover&img=1&zoom=1&edge=curl&source=gbs_api,Best Friends Forever,2023
9 to 12 years,Catherine Bruton,Juvenile Fiction,"Recently orphaned Will is sent to stay with an uncle hedoesntknow in a remote, mountainous valley.By caring for an injured osprey, heslowly comes to terms with his grief and learns to trust again.",https://www.booktrust.org.uk/book-recommendations/bookfinder/bird-boy/,DnfbEAAAQBAJ,9781839946509,1839946504,9781839946509,en,235,2024-05-09,Nosy Crow,Coming-of-age,https://books.google.com/books/content?id=DnfbEAAAQBAJ&printsec=frontcover&img=1&zoom=1&edge=curl&source=gbs_api,Bird Boy,2024
9 to 12 years,"Bali Rai, illustrated Daniel Duncan",Juvenile Fiction,"Bobbywantshis nana-ji and Trevorto be friendsbecause they both love football. A heart-warming story of community and kindness - and football! Dyslexiafriendly,andappealing to all readers.",https://www.booktrust.org.uk/book-recommendations/bookfinder/bobby-bains-plays-a-blinder/,FDnpEAAAQBAJ,9780008700911,0008700915,9780008700911,en,71,2024-06-06,HarperCollins UK,Dyslexia,https://books.google.com/books/content?id=FDnpEAAAQBAJ&printsec=frontcover&img=1&zoom=1&edge=curl&source=gbs_api,Bobby Bains Plays a Blinder,2024
9 to 12 years,illustrated Angela Vives,,Engagingly told life stories of fourteen Black British people and their contributions to the world.,https://www.booktrust.org.uk/book-recommendations/bookfinder/bright-stars-of-black-british-history/,,,,,,,,,"Historical, Non-fiction",,Bright Stars of Black British History,2023
9 to 12 years,"Jasbinder Bilan, illustrated Skylar White",Juvenile Fiction,Apowerful and quick to read adventure storyon saving a humpback whalein Scotland.,https://www.booktrust.org.uk/book-recommendations/bookfinder/calling-the-whales/,fRHsEAAAQBAJ,9781800902664,1800902662,9781800902664,en,58,2023-07-06,HarperCollins UK,"Adventure, Chapter books, Disability, Dyslexia",https://books.google.com/books/content?id=fRHsEAAAQBAJ&printsec=frontcover&img=1&zoom=1&edge=curl&source=gbs_api,Calling the Whales,2023
9 to 12 years,illustrated Joe Todd-Stanton,,"Presented in large, clear font and with black and white illustrations throughout, this funny, exciting, imaginative adventure story is a great introduction to fantasy fiction for newlyindependent readers.",https://www.booktrust.org.uk/book-recommendations/bookfinder/dungeon-runners-hero-trial/,,,,,,,,,"Adventure, Coming-of-age, Fantasy, Funny",,Dungeon Runners: Hero Trial,2024
9 to 12 years,Laura Ellen Anderson,Juvenile Fiction,"When young moth Marnie Midnight enrols at Minibeast Academy, she and her new friends, Floyd the bee and Star the ant, embark on a perilous lunar adventure. The first in an exciting new series, this imaginative, bug-sized tale is richly illustrated and full of humour.",https://www.booktrust.org.uk/book-recommendations/bookfinder/marnie-midnight-and-the-moon-mystery/,rRbJEAAAQBAJ,9780008591342,0008591342,9780008591342,en,180,2024-02-01,HarperCollins UK,"Adventure, Chapter books, Fantasy, Funny",https://books.google.com/books/content?id=rRbJEAAAQBAJ&printsec=frontcover&img=1&zoom=1&edge=curl&source=gbs_api,Marnie Midnight and the Moon Mystery,2024
9 to 12 years,Maple Lam,Comics & Graphic Novels,"Sun Wukong, legendary monkey king and warrior, faces an ancient evil which threatens the world. Join him on awild and comical adventureas he battles the monsters of ancient Greece.",https://www.booktrust.org.uk/book-recommendations/bookfinder/monkey-king-and-the-world-of-myths-the-monster-and-the-maze/,-Htf0AEACAAJ,9781444977134,144497713X,9781444977134,en,0,2024-04-11,Hodder Children's Books,"Adventure, Funny, Graphic novels, Myths and legends",https://books.google.com/books/content?id=-Htf0AEACAAJ&printsec=frontcover&img=1&zoom=1&source=gbs_api,Monkey King and the World of Myths: The Monster and the Maze,2024
9 to 12 years,Dave Shelton,Juvenile Fiction,"A brilliantly funny, and gloriously rambling, historical hunt for a monster with a great twist at the end and a subtle message about not judging by appearances.",https://www.booktrust.org.uk/book-recommendations/bookfinder/monster-in-the-woods/,lL3NEAAAQBAJ,9781788452229,1788452224,9781788452229,en,312,2023-08-03,David Fickling Books,"Adventure, Coming-of-age, Fantasy, Funny",https://books.google.com/books/content?id=lL3NEAAAQBAJ&printsec=frontcover&img=1&zoom=1&edge=curl&source=gbs_api,Monster in the Woods,2023
9 to 12 years,"Yorick Goldewijk, illustrated Yvonne Lacet",Juvenile Fiction,"When Cate visits Mrs Kanos cinema, she is transported into a world beyond her wildest dreams. This wonderfully imaginative time-travel adventure beautifully explores the nature of grief, guilt and loneliness.",https://www.booktrust.org.uk/book-recommendations/bookfinder/movies-showing-nowhere/,2xztEAAAQBAJ,9781782694113,1782694110,9781782694113,en,217,2024-04-04,Pushkin Press,"Adventure, Chapter books",https://books.google.com/books/content?id=2xztEAAAQBAJ&printsec=frontcover&img=1&zoom=1&edge=curl&source=gbs_api,Movies Showing Nowhere,2024
9 to 12 years,Sarah Bowie,Juvenile Fiction,"Nina Peanut is ahilarious, aspiringcontent creator. Whenone of her videosgoes viral,she must learnhow to cope with the challenges offame,friendshipand self-confidence.",https://www.booktrust.org.uk/book-recommendations/bookfinder/nina-peanut-is-amazing/,6PKtzwEACAAJ,9780702329876,0702329878,9780702329876,en,0,2024-01-04,,"Funny, Graphic novels",https://books.google.com/books/content?id=6PKtzwEACAAJ&printsec=frontcover&img=1&zoom=1&source=gbs_api,Nina Peanut is Amazing,2024
9 to 12 years,"Joseph Elliott, illustrated Nici Gregory",Juvenile Fiction,"Can Nora and her great grandchildren find the treasure before her dastardly foe? A hoot of an adventure starring an energetic old lady, a determinedtoddlerand a wonky goose. Great fun.",https://www.booktrust.org.uk/book-recommendations/bookfinder/nora-and-the-map-of-mayhem/,dl_VEAAAQBAJ,9781800785007,1800785003,9781800785007,en,245,2024-06-06,Bonnier Zaffre Ltd.,"Adventure, Funny",https://books.google.com/books/content?id=dl_VEAAAQBAJ&printsec=frontcover&img=1&zoom=1&edge=curl&source=gbs_api,Nora and the Map of Mayhem,2024
9 to 12 years,Maz Evans,Juvenile Fiction,"Super-sporty Vesper and super-bright Aster are cousins and now reluctant partners in stopping Kizin, the Maya god of death, from killing everyone in the world. A brilliant adventure full of action and humour... and chocolate!",https://www.booktrust.org.uk/book-recommendations/bookfinder/oh-maya-gods/,TlHnEAAAQBAJ,9781915026866,1915026865,9781915026866,en,305,2024-04-01,Chicken House,"Adventure, Funny, Myths and legends",https://books.google.com/books/content?id=TlHnEAAAQBAJ&printsec=frontcover&img=1&zoom=1&source=gbs_api,Oh Maya Gods,2023
9 to 12 years,Catherine Doyle,Juvenile Fiction,"When Max answers the call to join Captain OMalleys pirate ship instead of his brother,whosill,itsthe start of a rip-roaring fantastical adventure.A page-turner that will have childrengripped and moved.",https://www.booktrust.org.uk/book-recommendations/bookfinder/pirates-of-darksea/,1kPbEAAAQBAJ,9781526655080,152665508X,9781526655080,en,210,2024-03-14,Bloomsbury Publishing,"Adventure, Fantasy",https://books.google.com/books/content?id=1kPbEAAAQBAJ&printsec=frontcover&img=1&zoom=1&edge=curl&source=gbs_api,Pirates of Darksea,2024
9 to 12 years,Carlos Snchez,Juvenile Fiction,"Chiriand Dai discover a hidden worldfilled with secrets and magic.Afterdiscovering their own hidden powers, the pair team up withabandofunlikelyheroes to take on thesinister Shadow King.",https://www.booktrust.org.uk/book-recommendations/bookfinder/rune-the-tale-of-a-thousand-faces/,ZVmgzwEACAAJ,9781838741211,1838741216,9781838741211,en,0,2024-05-02,Nobrow Press,"Adventure, Fantasy, Funny, Graphic novels, Deafness",https://books.google.com/books/content?id=ZVmgzwEACAAJ&printsec=frontcover&img=1&zoom=1&source=gbs_api,Rune: The Tale of a Thousand Faces,2024
9 to 12 years,"Guy Bass, illustrated Alessia Trunfio",Juvenile Fiction,"Scrap the robot has vowed never to help another human. Now two children need him, and hes catapulted into a breakneck adventure full of action and humour. A fantastic read.",https://www.booktrust.org.uk/book-recommendations/bookfinder/scrap/,U-zezwEACAAJ,9781788955973,1788955978,9781788955973,en,0,2023-10-12,,"Adventure, Science fiction",https://books.google.com/books/content?id=U-zezwEACAAJ&printsec=frontcover&img=1&zoom=1&source=gbs_api,Scrap,2023
9 to 12 years,Gabriel Dylan,Juvenile Fiction,"A short, snappy rollercoaster of a horror story with a skilful build-up of tension fromThis sleepy town is so bland, nothing ever happens here toAargh, were all going to die!.",https://www.booktrust.org.uk/book-recommendations/bookfinder/shiver-point/,Jv6tEAAAQBAJ,9781800784789,1800784783,9781800784789,en,137,2023-09-14,Bonnier Zaffre Ltd.,Horror,https://books.google.com/books/content?id=Jv6tEAAAQBAJ&printsec=frontcover&img=1&zoom=1&edge=curl&source=gbs_api,Shiver Point,2023
9 to 12 years,"Camilla de la Bedoyere, illustrated Vasilisa Romanenko",,"From the big to the small, size is important and can tell us a lot about the animals and plants that live on planet Earth. This fascinating book zooms in on size to reveal all kinds of interesting facts about why things are the size that they are, and to give young readers a sense of scale.",https://www.booktrust.org.uk/book-recommendations/bookfinder/size-wise/,,,,,,,,,Non-fiction,,Size Wise,2023
9 to 12 years,Luan Goldie,,"This funny, engaging, body-swap adventure explores fandom, friendship and empathy via an unmissable dance competition, viral videos and throwing away the school rule book.",https://www.booktrust.org.uk/book-recommendations/bookfinder/skylar-and-the-k-pop-headteacher/,,,,,,,,,"Coming-of-age, Fantasy, Funny",,Skylar and the KPop Headteacher,2024
9 to 12 years,"Sathnam Sanghera, illustrated Jen Khatun",Juvenile Nonfiction,An accessible and fascinating look at the British Empire and how it still affects our lives today.,https://www.booktrust.org.uk/book-recommendations/bookfinder/stolen-history/,2YGEEAAAQBAJ,9780241623442,0241623448,9780241623442,en,164,2023-06-08,Random House,"Around the world, Historical, Non-fiction",https://books.google.com/books/content?id=2YGEEAAAQBAJ&printsec=frontcover&img=1&zoom=1&edge=curl&source=gbs_api,Stolen History,2023
9 to 12 years,"Emily-Jane Clark, illustrated Jeff Crowther",Juvenile Fiction,"After reluctantly moving to the tiny village of Knobbly Bottom, Maggie is astonished when she encounters a flock of vampire sheep who are determined to take over the world. This hilarious chapter book, with a fast-paced plot and dynamic black-and-white illustrations, is the first in a fabulously funny series that is perfect for junior readers.",https://www.booktrust.org.uk/book-recommendations/bookfinder/the-beasts-of-knobbly-bottom-attack-of-the-vampire-sheep/,uGqfzwEACAAJ,9780702325106,0702325104,9780702325106,en,0,2023-01-12,,"Adventure, Chapter books, Fantasy, Funny, Horror",https://books.google.com/books/content?id=uGqfzwEACAAJ&printsec=frontcover&img=1&zoom=1&source=gbs_api,The Beasts of Knobbly Bottom: Attack of the Vampire Sheep,2023
9 to 12 years,Benjamin Dean,Juvenile Fiction,"Zeds dad is the First Hunter of Demons. But when Zed meets a Demon, he discovers thattheyrenotas terrifying asthe mythssay. Exciting and full ofheart.",https://www.booktrust.org.uk/book-recommendations/bookfinder/the-boy-who-fell-from-the-sky/,3pO6EAAAQBAJ,9781398518735,1398518735,9781398518735,en,187,2024-01-18,Simon and Schuster,"Adventure, Science fiction",https://books.google.com/books/content?id=3pO6EAAAQBAJ&printsec=frontcover&img=1&zoom=1&edge=curl&source=gbs_api,The Boy Who Fell from the Sky,2023
9 to 12 years,,,"Isaacs life is thrown into disarray when his dad mysteriously vanishes from the belfry of Big Ben. As they search for him, Isaac and his friend Hattie uncover asinister plot which threatens Time itself.Afast-paced mystery, whichwill have readers on the edge of their seats.",https://www.booktrust.org.uk/book-recommendations/bookfinder/the-clockwork-conspiracy/,S33X0AEACAAJ,9781472635785,1472635787,9781472635785,en,0,2024-02,,"Adventure, Chapter books",,The Clockwork Conspiracy,2024
9 to 12 years,"Matt Goodfellow, illustrated Joe Todd-Stanton",,"When he falls out with his best friend and then his little brother is rushed into hospital, Nates world is turned upside-down. This incredibly powerful novel, written entirely in free verse and accompanied by thoughtful illustrations, is an emotional read.",https://www.booktrust.org.uk/book-recommendations/bookfinder/the-final-year/,,,,,,,,,"Chapter books, Poetry and rhyme",,The Final Year,2023
9 to 12 years,"Polly Ho-Yen, illustrated Charis Loke",Children's stories,Anencounter with areal-lifedragon in Milton Keynes helps12-year-oldYara learn who she is.,https://www.booktrust.org.uk/book-recommendations/bookfinder/the-last-dragon/,E7-n0AEACAAJ,9781913311612,1913311619,9781913311612,en,0,2024-06,,"Adventure, Chapter books",https://books.google.com/books/content?id=E7-n0AEACAAJ&printsec=frontcover&img=1&zoom=1&source=gbs_api,The Last Dragon,2024
9 to 12 years,"Frank Cottrell-Boyce, illustrated Steven Lenton",Juvenile Fiction,"A funny, glitter-spangled, mystery thriller for anyone who likes a dose of danger with their magic.",https://www.booktrust.org.uk/book-recommendations/bookfinder/the-wonder-brothers/,NkedEAAAQBAJ,9781529048322,152904832X,9781529048322,en,217,2023-07-20,Pan Macmillan,"Adventure, Around the world, Funny, Thriller",https://books.google.com/books/content?id=NkedEAAAQBAJ&printsec=frontcover&img=1&zoom=1&edge=curl&source=gbs_api,The Wonder Brothers,2023
9 to 12 years,"Sufiya Ahmed, illustrated Alessia Trunfio",,A fascinatingtime-travel adventure exploringthepolitics and history of suffragettes.,https://www.booktrust.org.uk/book-recommendations/bookfinder/time-travellers-adventure-calling/,72AX0AEACAAJ,9781788956598,1788956591,9781788956598,en,0,2024-02,Time Travellers,"Adventure, Chapter books, Historical",https://books.google.com/books/content?id=72AX0AEACAAJ&printsec=frontcover&img=1&zoom=1&source=gbs_api,Time Travellers: Adventure Calling,2024
9 to 12 years,"Joshua Seigal, illustrated Chris Piascik",Juvenile Fiction,"A funny and engaging poetry collection, perfect for reading aloud and for sharing.",https://www.booktrust.org.uk/book-recommendations/bookfinder/who-let-the-words-out/,ckqoEAAAQBAJ,9781801992084,1801992088,9781801992084,en,66,2023-09-14,Bloomsbury Publishing,"Funny, Poetry and rhyme",https://books.google.com/books/content?id=ckqoEAAAQBAJ&printsec=frontcover&img=1&zoom=1&edge=curl&source=gbs_api,Who Let the Words Out?,2023
