title,intro,content,excerpt,age,location
Little Infinity by Rachel, aged 12, from South Tyneside, England,A thrilling adventure of a young boy named Sammy who stumbles upon a mysterious cottage and encounters a mad scientist creating a monstrous creature. Will Sammy escape the chaos and find his way back home?,<p>A thrilling adventure of a young boy named Sammy who stumbles upon a mysterious cottage and encounters a mad scientist creating a monstrous creature. Will Sammy escape the chaos and find his way back home?</p>,A thrilling adventure of a young boy named Sammy who stumbles upon a mysterious cottage and encounters a mad scientist creating a monstrous creature. Will Sammy escape the chaos and find his way back home?,12,South Tyneside, England
Monster Crush by Eve, aged 9, from Rhondda, South Wales,Follow Sammy's journey through a haunted forest as he seeks shelter in a mysterious hilltop cottage. Little does he know, a monstrous creation awaits him inside.,<p>Follow Sammy's journey through a haunted forest as he seeks shelter in a mysterious hilltop cottage. Little does he know, a monstrous creation awaits him inside.</p>,Follow Sammy's journey through a haunted forest as he seeks shelter in a mysterious hilltop cottage. Little does he know, a monstrous creation awaits him inside.,9,Rhondda, South Wales
The Optition by Alice, aged 7, from Scotland,Join young Alice as she visits an eye doctor and discovers that she doesn't need glasses after all. Instead, she decides to create her own pair and invites her friends to do the same.,<p>Join young Alice as she visits an eye doctor and discovers that she doesn't need glasses after all. Instead, she decides to create her own pair and invites her friends to do the same.</p>,Join young Alice as she visits an eye doctor and discovers that she doesn't need glasses after all. Instead, she decides to create her own pair and invites her friends to do the same.,7,Scotland
Nice day out with mummy. x by Ashton, aged 6 , from Jarrow,Embark on a delightful day out with Ashton and her mom as they visit McDonald's for breakfast and explore the local library. Ashton shares her excitement and plans for sweets after the library visit.,<p>Embark on a delightful day out with Ashton and her mom as they visit McDonald's for breakfast and explore the local library. Ashton shares her excitement and plans for sweets after the library visit.</p>,Embark on a delightful day out with Ashton and her mom as they visit McDonald's for breakfast and explore the local library. Ashton shares her excitement and plans for sweets after the library visit.,6,Jarrow
My Cat by Ria, aged 8, from Hayes, Hillingdon,Meet Ria's adorable and playful cat, who loves to sleep, play, and follow Ria's mom around the house. Discover the special bond between Ria and her furry friend.,<p>Meet Ria's adorable and playful cat, who loves to sleep, play, and follow Ria's mom around the house. Discover the special bond between Ria and her furry friend.</p>,Meet Ria's adorable and playful cat, who loves to sleep, play, and follow Ria's mom around the house. Discover the special bond between Ria and her furry friend.,8,Hayes, Hillingdon
Geckos are sacred. Don't kill Geckos or you will have to eat 5 courses of CHEESE AND PICKLE SANDWICHES!!!!!!!! Horses are to be made into food, and Cows are to be ridden. Carrier Eagles are used to carry messages. No cars - just Cows! No electricity - just books! Everyone must live in Tree Houses. by Alfie, aged 9, from Dorset, England,Join Alfie's imaginative world where geckos are revered, horses are turned into food, and cows are ridden. Discover his unique vision of a world without cars, electricity, and where everyone lives in tree houses.,<p>Join Alfie's imaginative world where geckos are revered, horses are turned into food, and cows are ridden. Discover his unique vision of a world without cars, electricity, and where everyone lives in tree houses.</p>,Join Alfie's imaginative world where geckos are revered, horses are turned into food, and cows are ridden. Discover his unique vision of a world without cars, electricity, and where everyone lives in tree houses.,9,Dorset, England
The Magic Treehouse by Kerry, aged 9, from Northern Ireland,Follow the magical journey of Jake and Katy as they discover a treehouse that transports them to underwater adventures and new realms. Dive into their exciting escapades and explore the power of imagination.,<p>Follow the magical journey of Jake and Katy as they discover a treehouse that transports them to underwater adventures and new realms. Dive into their exciting escapades and explore the power of imagination.</p>,Follow the magical journey of Jake and Katy as they discover a treehouse that transports them to underwater adventures and new realms. Dive into their exciting escapades and explore the power of imagination.,9,Northern Ireland
A Windy Day by Dearbhla, aged 9, from Northern Ireland,Experience the blustery winds of a stormy day as they sway the trees, whip up waves at the beach, and create a sense of adventure in the air. Join Dearbhla in embracing the power of nature.,<p>Experience the blustery winds of a stormy day as they sway the trees, whip up waves at the beach, and create a sense of adventure in the air. Join Dearbhla in embracing the power of nature.</p>,Experience the blustery winds of a stormy day as they sway the trees, whip up waves at the beach, and create a sense of adventure in the air. Join Dearbhla in embracing the power of nature.,9,Northern Ireland
Vampire by Jane, aged 9, from East Dunbartonshire,Unveil the mysterious world of vampires through the eyes of a young girl. Discover the chilling tales and legends surrounding these immortal creatures of the night.,<p>Unveil the mysterious world of vampires through the eyes of a young girl. Discover the chilling tales and legends surrounding these immortal creatures of the night.</p>,Unveil the mysterious world of vampires through the eyes of a young girl. Discover the chilling tales and legends surrounding these immortal creatures of the night.,9,East Dunbartonshire
Little Star by Ellie, aged 8, from Northern Ireland,Join Little Star on an enchanting journey through space where stars come to life and unexpected friendships are formed. Discover the magic and beauty of the night sky with Ellie's heartwarming story.,<p>Join Little Star on an enchanting journey through space where stars come to life and unexpected friendships are formed. Discover the magic and beauty of the night sky with Ellie's heartwarming story.</p>,Join Little Star on an enchanting journey through space where stars come to life and unexpected friendships are formed. Discover the magic and beauty of the night sky with Ellie's heartwarming story.,8,Northern Ireland
Dave by Aine K, aged 9, from Northern Ireland,Meet Dave, a quirky and adventurous man who lives in a small town. Follow him as he embarks on a series of amusing escapades and encounters the most unexpected situations.,<p>Meet Dave, a quirky and adventurous man who lives in a small town. Follow him as he embarks on a series of amusing escapades and encounters the most unexpected situations.</p>,Meet Dave, a quirky and adventurous man who lives in a small town. Follow him as he embarks on a series of amusing escapades and encounters the most unexpected situations.,9,Northern Ireland
Rainbow in the Sky by Molly, aged 7, from County Tyrone, Ireland,Marvel at the beauty and wonder of a rainbow that magically appears after a rainstorm. Join Molly in exploring the vibrant colors and inspiring message of hope that a rainbow brings.,<p>Marvel at the beauty and wonder of a rainbow that magically appears after a rainstorm. Join Molly in exploring the vibrant colors and inspiring message of hope that a rainbow brings.</p>,Marvel at the beauty and wonder of a rainbow that magically appears after a rainstorm. Join Molly in exploring the vibrant colors and inspiring message of hope that a rainbow brings.,7,County Tyrone, Ireland
The Lost Crown by Sophie, aged 11, from South Shields,Discover an ancient crown hidden in the depths of a forgotten castle. Join Sophie in her quest to uncover the secrets and face the challenges that come with possessing such a powerful artifact.,<p>Discover an ancient crown hidden in the depths of a forgotten castle. Join Sophie in her quest to uncover the secrets and face the challenges that come with possessing such a powerful artifact.</p>,Discover an ancient crown hidden in the depths of a forgotten castle. Join Sophie in her quest to uncover the secrets and face the challenges that come with possessing such a powerful artifact.,11,South Shields
The Chocolate Factory by Oliver, aged 10, from South Shields,Embark on a delicious adventure through a magical chocolate factory where rivers flow with chocolate, lollipops grow on trees, and imagination is the key ingredient. Join Oliver in this delightful journey.,<p>Embark on a delicious adventure through a magical chocolate factory where rivers flow with chocolate, lollipops grow on trees, and imagination is the key ingredient. Join Oliver in this delightful journey.</p>,Embark on a delicious adventure through a magical chocolate factory where rivers flow with chocolate, lollipops grow on trees, and imagination is the key ingredient. Join Oliver in this delightful journey.,10,South Shields
Lost in the Jungle by Max, aged 11, from South Shields,Join Max as he finds himself lost in the dense jungle, encountering exotic animals and thrilling adventures along the way. Will Max survive the wild and find his way back home?,<p>Join Max as he finds himself lost in the dense jungle, encountering exotic animals and thrilling adventures along the way. Will Max survive the wild and find his way back home?</p>,Join Max as he finds himself lost in the dense jungle, encountering exotic animals and thrilling adventures along the way. Will Max survive the wild and find his way back home?,11,South Shields
The Enchanted Forest by Emily, aged 7, from South Shields,Embark on a magical journey through an enchanted forest where fairies, unicorns, and talking animals await. Follow Emily as she discovers the secrets and wonders hidden within this mystical realm.,<p>Embark on a magical journey through an enchanted forest where fairies, unicorns, and talking animals await. Follow Emily as she discovers the secrets and wonders hidden within this mystical realm.</p>,Embark on a magical journey through an enchanted forest where fairies, unicorns, and talking animals await. Follow Emily as she discovers the secrets and wonders hidden within this mystical realm.,7,South Shields
The Secret Diary by Lily, aged 10, from South Shields,Uncover the secrets of Lily's diary as she shares her daily adventures, dreams, and inner thoughts. Get a glimpse into Lily's world and join her in the ups and downs of life as a young girl.,<p>Uncover the secrets of Lily's diary as she shares her daily adventures, dreams, and inner thoughts. Get a glimpse into Lily's world and join her in the ups and downs of life as a young girl.</p>,Uncover the secrets of Lily's diary as she shares her daily adventures, dreams, and inner thoughts. Get a glimpse into Lily's world and join her in the ups and downs of life as a young girl.,10,South Shields
The Pirate's Treasure by Liam, aged 10, from South Shields,Set sail on a thrilling pirate adventure with Liam as he searches for buried treasure on a remote island. Encounter dangerous obstacles, cunning pirates, and unexpected allies in this exciting tale.,<p>Set sail on a thrilling pirate adventure with Liam as he searches for buried treasure on a remote island. Encounter dangerous obstacles, cunning pirates, and unexpected allies in this exciting tale.</p>,Set sail on a thrilling pirate adventure with Liam as he searches for buried treasure on a remote island. Encounter dangerous obstacles, cunning pirates, and unexpected allies in this exciting tale.,10,South Shields
The Magical Unicorn by Ava, aged 6, from South Shields,Join Ava in a whimsical adventure filled with magical unicorns, sparkling rainbows, and dreams that come true. Immerse yourself in the enchanting world of unicorns and their extraordinary powers.,<p>Join Ava in a whimsical adventure filled with magical unicorns, sparkling rainbows, and dreams that come true. Immerse yourself in the enchanting world of unicorns and their extraordinary powers.</p>,Join Ava in a whimsical adventure filled with magical unicorns, sparkling rainbows, and dreams that come true. Immerse yourself in the enchanting world of unicorns and their extraordinary powers.,6,South Shields
The Mystery of the Old Mansion by Ben, aged 10, from South Shields,Uncover the secrets of an eerie old mansion as Ben explores its dark hallways and hidden rooms. Follow him in solving the mystery behind the mansion's haunting legends and ghostly sightings.,<p>Uncover the secrets of an eerie old mansion as Ben explores its dark hallways and hidden rooms. Follow him in solving the mystery behind the mansion's haunting legends and ghostly sightings.</p>,Uncover the secrets of an eerie old mansion as Ben explores its dark hallways and hidden rooms. Follow him in solving the mystery behind the mansion's haunting legends and ghostly sightings.,10,South Shields
The Fantastic Dinosaur Adventure by Jack, aged 8, from South Shields,Embark on a prehistoric adventure with Jack as he travels back in time to encounter mighty dinosaurs. Explore their world, witness epic battles, and learn fascinating facts about these ancient creatures.,<p>Embark on a prehistoric adventure with Jack as he travels back in time to encounter mighty dinosaurs. Explore their world, witness epic battles, and learn fascinating facts about these ancient creatures.</p>,Embark on a prehistoric adventure with Jack as he travels back in time to encounter mighty dinosaurs. Explore their world, witness epic battles, and learn fascinating facts about these ancient creatures.,8,South Shields
The Secret Kingdom by Lily and Emily, aged 10 and 7, from South Shields,Join Lily and Emily on a magical quest through a hidden kingdom filled with enchantment and wonder. Discover the power of friendship and the importance of bravery in their extraordinary journey.,<p>Join Lily and Emily on a magical quest through a hidden kingdom filled with enchantment and wonder. Discover the power of friendship and the importance of bravery in their extraordinary journey.</p>,Join Lily and Emily on a magical quest through a hidden kingdom filled with enchantment and wonder. Discover the power of friendship and the importance of bravery in their extraordinary journey.,10,South Shields
